<?xml version="1.0" encoding="utf-8"?>
<xsd:schema xmlns:xsd="http://www.w3.org/2001/XMLSchema" blockDefault="#all">
<xsd:annotation>
	<xsd:documentation>
	======================================================================
	 FGDC Metadata XML Schema 1.0.0 20030801

	 This is the XML Schema for formal metadata, metadata conforming to
	 the Content Standards for Digital Geospatial Metadata of the Federal
	 Geographic Data Committee.  This schema corresponds to the June,
	 1998 version of the standard, FGDC-STD-001-1998.

	 This file is the primary XML Schema and loads the definitions for
	 sections 1-10 of the standard from separate schema modules.

	 Element names:
	     Element names are a maximum of 8-characters long, to coincide
	     with the Reference Concrete Syntax.

	 Element ordering:
	     Generally the order of elements is now significant.  XML makes
	     it difficult to write a DTD that allows elements to be in any
	     order.  Although XML Schemas do not have this restriction, it
	     was decided to keep the significance of element order in order
	     not to break the DTD validity of XML-encoded metadata files.

	 Authors:
	     Richard E. Rathmann (PSGS/NOAA Coastal Services Center,
	     Charleston, SC) with assistance from Mike Moeller (PSGS/NOAA
	     CSC) and Doug Nebert (Federal Geographic Data Committee).

	 Revisions:
	     20020826 (RER) Locally scoped the definition of "onlink" in
	                      Section 7 (7.11.1) within "metextns" (7.11)
	                      rather than referencing "onlink" definition in
	                      Section 8 (8.10).
	     20030801 (RER) Removed 'xml:space="preserve"' from all
	                      'xsd:documentation' elements.  I originally put
	                      this in to say "whitespace is significant", but
	                      both XML Spy and IBM's  Schema Quality Checker
	                      complain about them.
	     20030801 (RER) Corrected the second regular expression pattern
	                      for the "FGDCtime" simple type in this schema
	                      module.  The "-" in the "[+-]" character class
	                      for the sign character needed to be escaped, as
	                      in "[+\-]".
	     20030801 (RER) Changed types of "srcused" (2.5.2.2) and "srcprod"
	                      (2.5.2.5) in Section 2 to reference the type
	                      defined for "srccitea" (2.5.1.5) to comply with
	                      XML Schema constraint that key/keyref field
	                      value pairs be of the same type.
           20040127 (TS) Moved the types defined in base file, excluding
                              the 'metadataType' type, into a separate
                              file and included it in the base file.
           20111116 (AM) Changed restrictions of FGDCString. The xsd:pattern 
                            value="\s*\S(.|\n|\r)*" was causing Oxygen XML to throw an 
                            stack overflow error message.


	======================================================================
	</xsd:documentation>
</xsd:annotation>

<!--===================================================================-->
<xsd:annotation>
	<xsd:documentation>
		DEFINITION OF NON XSD DATA ELEMENT TYPES

		FGDC data types without XSD equivalents:
			"date" -> "FGDCdate"
			"time" -> "FGDCtime"
			"text" -> "FGDCstring", for free text fields

		Those with equivalents are mapped as follows:
			"text" -> "xsd:token", for enumerated values, key values, and references to key values
			"integer" -> "xsd:integer" (or "xsd:positiveInteger", for domains &gt; 0)
			"real" -> "xsd:double"

		Also, additional special data types have been defined for latitude and longitude values:
			"FGDClatitude"
			"FGDClongitude"
	</xsd:documentation>
</xsd:annotation>

<xsd:simpleType name="FGDCdate">
<xsd:restriction base="xsd:token">
	<xsd:pattern value="\d{4}(\d{2}(\d{2})?)?">
		<xsd:annotation>
			<xsd:documentation>A.D. Era to December 31, 9999 A.D. [YYYY(MM(DD))]</xsd:documentation>
		</xsd:annotation>
	</xsd:pattern>
	<xsd:pattern value="bc\d{4}(\d{2}(\d{2})?)?">
		<xsd:annotation>
			<xsd:documentation>B.C. Era to 9999 B.C. [bcYYYY(MM(DD))]</xsd:documentation>
		</xsd:annotation>
	</xsd:pattern>
	<xsd:pattern value="cc\d{5,}">
		<xsd:annotation>
			<xsd:documentation>B.C. Era before 9999 B.C. [ccYYYYY...]</xsd:documentation>
		</xsd:annotation>
	</xsd:pattern>
	<xsd:pattern value="cd\d{5,}">
		<xsd:annotation>
			<xsd:documentation>A.D. after 9999 A.D. [cdYYYYY...]</xsd:documentation>
		</xsd:annotation>
	</xsd:pattern>
</xsd:restriction>
</xsd:simpleType>

<xsd:simpleType name="FGDCtime">
<xsd:restriction base="xsd:token">
	<xsd:pattern value="\d{2}(\d{2}(\d{2,})?)?">
		<xsd:annotation>
			<xsd:documentation>Local time [HH(MM(SS(S...)))]</xsd:documentation>
		</xsd:annotation>
	</xsd:pattern>
	<xsd:pattern value="\d{2}(\d{2}(\d{2,})?)?[+\-]\d{4}">
		<xsd:annotation>
			<xsd:documentation>Local time with time differential factor [HH(MM(SS(S...)))shhmm]</xsd:documentation>
		</xsd:annotation>
	</xsd:pattern>
	<xsd:pattern value="\d{2}(\d{2}(\d{2,})?)?Z">
		<xsd:annotation>
			<xsd:documentation>Universal time (Greenwich Mean Time) [HH(MM(SS(S...)))Z]</xsd:documentation>
		</xsd:annotation>
	</xsd:pattern>
</xsd:restriction>
</xsd:simpleType>

<xsd:simpleType name="FGDCstring">
<xsd:annotation>
	<xsd:documentation>This type is for use with free text fields and restricts "xsd:string" to disallow empty or whitespace-only values.</xsd:documentation>
</xsd:annotation>
<xsd:restriction base="xsd:string">
  <!--<xsd:pattern value="\s*\S(.|\n|\r)*"/>-->  
  <xsd:minLength value="1"/>
  <xsd:whiteSpace value="collapse"/>
</xsd:restriction>
</xsd:simpleType>

<xsd:simpleType name="FGDClatitude">
<xsd:annotation>
	<xsd:documentation>
		Type: real
		Domain: -90.0 &lt;= Latitude &lt;= 90.0
	</xsd:documentation>
</xsd:annotation>
<xsd:restriction base="xsd:double">
	<xsd:minInclusive value="-90.0"/>
	<xsd:maxInclusive value="90.0"/>
</xsd:restriction>
</xsd:simpleType>

<xsd:simpleType name="FGDClongitude">
<xsd:annotation>
	<xsd:documentation>
		Type: real
		Domain: -180.0 &lt;= Longitude &lt;= 180.0
	</xsd:documentation>
</xsd:annotation>
<xsd:restriction base="xsd:double">
	<xsd:minInclusive value="-180.0"/>
	<xsd:maxInclusive value="180.0"/>
</xsd:restriction>
</xsd:simpleType>

</xsd:schema>